New York,NY
Paterson,NJ
San Francisco,CA
Jersey City,NJ
Cambridge,MA
Daly City,CA
Chicago,IL
Santa Ana,CA
Inglewood,CA
Boston,MA
El Monte,CA
Hialeah,FL
Newark,NJ
Philadelphia,PA
Yonkers,NY
Norwalk,CA
Miami,FL
Elizabeth,NJ
Berkeley,CA
Providence,RI
Washington,DC
Garden Grove,CA
Long Beach,CA
Bridgeport,CT
Downey,CA
Alexandria,VA
Baltimore,MD
Salinas,CA
Los Angeles,CA
Lowell,MA
Buffalo,NY
Huntington Beach,CA
Oakland,CA
Hartford,CT
Costa Mesa,CA
Minneapolis,MN
Detroit,MI
Oxnard,CA
Torrance,CA
Seattle,WA
Anaheim,CA
Pomona,CA
New Haven,CT
West Covina,CA
Glendale,CA
Milwaukee,WI
Cleveland,OH
Rochester,NY
Allentown,PA
Pittsburgh,PA
Sunnyvale,CA
Syracuse,NY
Burbank,CA
Pasadena,CA
Fullerton,CA
St. Louis,MO
Santa Clara,CA
Orange,CA
St. Paul,MN
Modesto,CA
San Jose,CA
Hollywood,FL
Coral Springs,FL
Fort Lauderdale,FL
San Buenaventura (Ventura),CA
Springfield,MA
Erie,PA
Worcester,MA
Stockton,CA
Grand Rapids,MI
Norfolk,VA
Honolulu CDP,HI
Clearwater,FL
Cincinnati,OH
Ann Arbor,MI
Las Vegas,NV
Sacramento,CA
St. Petersburg,FL
Pembroke Pines,FL
Louisville,KY
Fresno,CA
Concord,CA
Warren,MI
Oceanside,CA
Tempe,AZ
Portland,OR
Glendale,AZ
Toledo,OH
Vallejo,CA
Tacoma,WA
Garland,TX
San Diego,CA
Waterbury,CT
Flint,MI
Aurora,IL
Santa Rosa,CA
Escondido,CA
Naperville,IL
Denver,CO
Fontana,CA
Bellevue,WA
Corona,CA
Chula Vista,CA
Akron,OH
Arlington,TX
Dallas,TX
Lakewood,CO
Rancho Cucamonga,CA
Eugene,OR
Lansing,MI
Sterling Heights,MI
Spokane,WA
Columbus,OH
Houston,TX
Omaha,NE
Vancouver,WA
Richmond,VA
Riverside,CA
Manchester,NH
Pasadena,TX
Westminster,CO
Ontario,CA
Mesa,AZ
Atlanta,GA
Hayward,CA
Santa Clarita,CA
San Bernardino,CA
Arvada,CO
Stamford,CT
Plano,TX
Irvine,CA
West Valley City,UT
Chandler,AZ
Portsmouth,VA
Madison,WI
Lincoln,NE
Carrollton,TX
Salem,OR
Evansville,IN
Dayton,OH
Baton Rouge,LA
Boise City,ID
Mesquite,TX
Irving,TX
Simi Valley,CA
Hampton,VA
Livonia,MI
San Antonio,TX
Joliet,IL
South Bend,IN
Phoenix,AZ
Moreno Valley,CA
Tampa,FL
New Orleans,LA
Rockford,IL
Provo,UT
Fremont,CA
Newport News,VA
Overland Park,KS
Des Moines,IA
Reno,NV
Austin,TX
Fort Wayne,IN
Fort Collins,CO
Gilbert town,AZ
Peoria,IL
Wichita,KS
Tucson,AZ
Albuquerque,NM
Raleigh,NC
Green Bay,WI
Memphis,TN
Lafayette,LA
McAllen,TX
Pueblo,CO
El Paso,TX
Laredo,TX
Charlotte,NC
Sioux Falls,SD
Henderson,NV
Topeka,KS
Bakersfield,CA
Indianapolis,IN
Tulsa,OK
Greensboro,NC
Thousand Oaks,CA
Springfield,MO
Springfield,IL
Fayetteville,NC
Gary,IN
Orlando,FL
Durham,NC
Colorado Springs,CO
Shreveport,LA
Aurora,CO
Amarillo,TX
Cedar Rapids,IA
Knoxville,TN
Fort Worth,TX
Corpus Christi,TX
Grand Prairie,TX
Savannah,GA
Jackson,MS
Lubbock,TX
Brownsville,TX
Virginia Beach,VA
Winston-Salem,NC
Mobile,AL
Salt Lake City,UT
Birmingham,AL
Little Rock,AR
Tallahassee,FL
Wichita Falls,TX
North Las Vegas,NV
Independence,MO
Kansas City,MO
Waco,TX
Beaumont,TX
Montgomery,AL
Lancaster,CA
Kansas City,KS
Nashville-Davidson,TN
Chattanooga,TN
Palmdale,CA
Abilene,TX
Scottsdale,AZ
Clarksville,TN
Cape Coral,FL
Jacksonville,FL
Columbia,SC
Lexington-Fayette,KY
Huntsville,AL
Columbus,GA
Athens-Clarke County,GA
Oklahoma City,OK
Peoria,AZ
Augusta-Richmond County,GA
Chesapeake,VA
Anchorage,AK
